level,vineyard_id,row_id,row_structure,row_count,row_length_m,canopy_area_m2,canopy_area_ha,interrow_area_m2,interrow_area_ha,block_count
total,,,,511,47205.22,15778.7,1.5779,89738.18,8.9738,58
block,V01,,,75,9900.57,2600.57,0.2601,18391.95,1.8392,1
row,V01,V01-R01,regular,1,5.32,,,,,
row,V01,V01-R02,regular,1,58.91,,,,,
row,V01,V01-R03,disrupted,1,146.78,,,,,
row,V01,V01-R04,regular,1,157.03,,,,,
row,V01,V01-R05,regular,1,155.8,,,,,
row,V01,V01-R06,disrupted,1,155.46,,,,,
row,V01,V01-R07,disrupted,1,151.83,,,,,
row,V01,V01-R08,regular,1,10.59,,,,,
row,V01,V01-R09,disrupted,1,161.97,,,,,
row,V01,V01-R10,disrupted,1,152.58,,,,,
row,V01,V01-R11,disrupted,1,163.65,,,,,
row,V01,V01-R12,disrupted,1,164.63,,,,,
row,V01,V01-R13,disrupted,1,170.59,,,,,
row,V01,V01-R14,disrupted,1,164.3,,,,,
row,V01,V01-R15,disrupted,1,155.8,,,,,
row,V01,V01-R16,disrupted,1,152.43,,,,,
row,V01,V01-R17,disrupted,1,165.2,,,,,
row,V01,V01-R18,disrupted,1,169.76,,,,,
row,V01,V01-R19,disrupted,1,171.08,,,,,
row,V01,V01-R20,regular,1,1.6,,,,,
row,V01,V01-R21,disrupted,1,176.95,,,,,
row,V01,V01-R22,disrupted,1,172.03,,,,,
row,V01,V01-R23,disrupted,1,155.64,,,,,
row,V01,V01-R24,disrupted,1,154.67,,,,,
row,V01,V01-R25,disrupted,1,164.0,,,,,
row,V01,V01-R26,disrupted,1,169.6,,,,,
row,V01,V01-R27,disrupted,1,163.26,,,,,
row,V01,V01-R28,disrupted,1,161.95,,,,,
row,V01,V01-R29,disrupted,1,178.17,,,,,
row,V01,V01-R30,disrupted,1,169.84,,,,,
row,V01,V01-R31,disrupted,1,165.73,,,,,
row,V01,V01-R32,disrupted,1,162.71,,,,,
row,V01,V01-R33,disrupted,1,167.65,,,,,
row,V01,V01-R34,disrupted,1,169.36,,,,,
row,V01,V01-R35,disrupted,1,171.7,,,,,
row,V01,V01-R36,disrupted,1,172.51,,,,,
row,V01,V01-R37,disrupted,1,170.61,,,,,
row,V01,V01-R38,disrupted,1,178.46,,,,,
row,V01,V01-R39,regular,1,176.21,,,,,
row,V01,V01-R40,regular,1,176.97,,,,,
row,V01,V01-R41,disrupted,1,187.65,,,,,
row,V01,V01-R42,disrupted,1,186.55,,,,,
row,V01,V01-R43,disrupted,1,179.43,,,,,
row,V01,V01-R44,disrupted,1,178.17,,,,,
row,V01,V01-R45,disrupted,1,180.74,,,,,
row,V01,V01-R46,disrupted,1,179.27,,,,,
row,V01,V01-R47,disrupted,1,178.54,,,,,
row,V01,V01-R48,disrupted,1,173.18,,,,,
row,V01,V01-R49,disrupted,1,173.6,,,,,
row,V01,V01-R50,disrupted,1,171.93,,,,,
row,V01,V01-R51,disrupted,1,177.58,,,,,
row,V01,V01-R52,disrupted,1,177.06,,,,,
row,V01,V01-R53,disrupted,1,177.34,,,,,
row,V01,V01-R54,disrupted,1,164.85,,,,,
row,V01,V01-R55,disrupted,1,151.37,,,,,
row,V01,V01-R56,disrupted,1,147.22,,,,,
row,V01,V01-R57,regular,1,120.83,,,,,
row,V01,V01-R58,regular,1,13.56,,,,,
row,V01,V01-R59,disrupted,1,134.54,,,,,
row,V01,V01-R60,disrupted,1,125.07,,,,,
row,V01,V01-R61,disrupted,1,107.78,,,,,
row,V01,V01-R62,disrupted,1,104.8,,,,,
row,V01,V01-R63,disrupted,1,97.59,,,,,
row,V01,V01-R64,regular,1,72.59,,,,,
row,V01,V01-R65,regular,1,60.31,,,,,
row,V01,V01-R66,regular,1,48.51,,,,,
row,V01,V01-R67,regular,1,41.76,,,,,
row,V01,V01-R68,regular,1,37.72,,,,,
row,V01,V01-R69,disrupted,1,33.06,,,,,
row,V01,V01-R70,regular,1,30.51,,,,,
row,V01,V01-R71,regular,1,25.23,,,,,
row,V01,V01-R72,regular,1,17.43,,,,,
row,V01,V01-R73,regular,1,15.64,,,,,
row,V01,V01-R74,regular,1,10.56,,,,,
row,V01,V01-R75,regular,1,5.25,,,,,
block,V02,,,2,92.77,1.23,0.0001,228.53,0.0229,1
row,V02,V02-R01,disrupted,1,45.1,,,,,
row,V02,V02-R02,disrupted,1,47.67,,,,,
block,V03,,,1,40.78,1.5,0.0001,49.36,0.0049,1
row,V03,V03-R01,disrupted,1,40.78,,,,,
block,V04,,,44,4064.01,1465.08,0.1465,9638.14,0.9638,1
row,V04,V04-R01,regular,1,7.7,,,,,
row,V04,V04-R02,regular,1,25.85,,,,,
row,V04,V04-R03,disrupted,1,99.0,,,,,
row,V04,V04-R04,disrupted,1,98.22,,,,,
row,V04,V04-R05,regular,1,100.94,,,,,
row,V04,V04-R06,disrupted,1,81.63,,,,,
row,V04,V04-R07,regular,1,92.32,,,,,
row,V04,V04-R08,disrupted,1,91.66,,,,,
row,V04,V04-R09,regular,1,95.36,,,,,
row,V04,V04-R10,regular,1,87.59,,,,,
row,V04,V04-R11,regular,1,94.67,,,,,
row,V04,V04-R12,regular,1,99.91,,,,,
row,V04,V04-R13,regular,1,99.72,,,,,
row,V04,V04-R14,disrupted,1,98.28,,,,,
row,V04,V04-R15,regular,1,95.65,,,,,
row,V04,V04-R16,regular,1,93.32,,,,,
row,V04,V04-R17,disrupted,1,100.01,,,,,
row,V04,V04-R18,disrupted,1,97.13,,,,,
row,V04,V04-R19,regular,1,103.66,,,,,
row,V04,V04-R20,regular,1,103.24,,,,,
row,V04,V04-R21,regular,1,103.47,,,,,
row,V04,V04-R22,disrupted,1,104.92,,,,,
row,V04,V04-R23,regular,1,99.83,,,,,
row,V04,V04-R24,regular,1,101.09,,,,,
row,V04,V04-R25,regular,1,103.94,,,,,
row,V04,V04-R26,regular,1,103.37,,,,,
row,V04,V04-R27,regular,1,104.21,,,,,
row,V04,V04-R28,regular,1,103.44,,,,,
row,V04,V04-R29,regular,1,103.5,,,,,
row,V04,V04-R30,regular,1,103.81,,,,,
row,V04,V04-R31,regular,1,103.18,,,,,
row,V04,V04-R32,regular,1,103.23,,,,,
row,V04,V04-R33,regular,1,104.97,,,,,
row,V04,V04-R34,regular,1,104.18,,,,,
row,V04,V04-R35,regular,1,104.05,,,,,
row,V04,V04-R36,regular,1,103.83,,,,,
row,V04,V04-R37,regular,1,105.13,,,,,
row,V04,V04-R38,regular,1,104.35,,,,,
row,V04,V04-R39,regular,1,98.97,,,,,
row,V04,V04-R40,regular,1,86.72,,,,,
row,V04,V04-R41,regular,1,74.86,,,,,
row,V04,V04-R42,disrupted,1,71.19,,,,,
row,V04,V04-R43,disrupted,1,61.41,,,,,
row,V04,V04-R44,disrupted,1,40.49,,,,,
block,V05,,,1,47.4,0.0,0.0,93.65,0.0094,1
row,V05,V05-R01,disrupted,1,47.4,,,,,
block,V06,,,1,42.54,1.0,0.0001,135.06,0.0135,1
row,V06,V06-R01,disrupted,1,42.54,,,,,
block,V07,,,2,7.8,1.83,0.0002,0.0,0.0,1
row,V07,V07-R01,regular,1,3.29,,,,,
row,V07,V07-R02,regular,1,4.51,,,,,
block,V08,,,1,42.57,1.09,0.0001,0.0,0.0,1
row,V08,V08-R01,disrupted,1,42.57,,,,,
block,V09,,,26,779.96,236.51,0.0237,1418.26,0.1418,1
row,V09,V09-R01,regular,1,36.5,,,,,
row,V09,V09-R02,regular,1,47.65,,,,,
row,V09,V09-R03,regular,1,49.2,,,,,
row,V09,V09-R04,disrupted,1,49.93,,,,,
row,V09,V09-R05,regular,1,51.14,,,,,
row,V09,V09-R06,disrupted,1,40.43,,,,,
row,V09,V09-R07,regular,1,43.61,,,,,
row,V09,V09-R08,regular,1,41.3,,,,,
row,V09,V09-R09,regular,1,42.02,,,,,
row,V09,V09-R10,regular,1,38.13,,,,,
row,V09,V09-R11,regular,1,39.23,,,,,
row,V09,V09-R12,regular,1,37.27,,,,,
row,V09,V09-R13,regular,1,35.03,,,,,
row,V09,V09-R14,regular,1,33.47,,,,,
row,V09,V09-R15,regular,1,28.73,,,,,
row,V09,V09-R16,regular,1,28.32,,,,,
row,V09,V09-R17,regular,1,21.81,,,,,
row,V09,V09-R18,regular,1,20.11,,,,,
row,V09,V09-R19,regular,1,12.65,,,,,
row,V09,V09-R20,regular,1,14.2,,,,,
row,V09,V09-R21,regular,1,16.01,,,,,
row,V09,V09-R22,regular,1,14.22,,,,,
row,V09,V09-R23,regular,1,14.67,,,,,
row,V09,V09-R24,regular,1,11.55,,,,,
row,V09,V09-R25,regular,1,8.54,,,,,
row,V09,V09-R26,regular,1,4.22,,,,,
block,V10,,,6,489.45,166.98,0.0167,854.33,0.0854,1
row,V10,V10-R01,regular,1,86.32,,,,,
row,V10,V10-R02,regular,1,87.46,,,,,
row,V10,V10-R03,regular,1,86.04,,,,,
row,V10,V10-R04,regular,1,84.8,,,,,
row,V10,V10-R05,regular,1,80.96,,,,,
row,V10,V10-R06,disrupted,1,63.86,,,,,
block,V11,,,2,29.68,6.26,0.0006,70.9,0.0071,1
row,V11,V11-R01,regular,1,12.85,,,,,
row,V11,V11-R02,regular,1,16.83,,,,,
block,V12,,,15,382.34,82.7,0.0083,686.94,0.0687,1
row,V12,V12-R01,regular,1,5.54,,,,,
row,V12,V12-R02,regular,1,13.97,,,,,
row,V12,V12-R03,regular,1,18.17,,,,,
row,V12,V12-R04,regular,1,22.89,,,,,
row,V12,V12-R05,regular,1,27.81,,,,,
row,V12,V12-R06,regular,1,33.39,,,,,
row,V12,V12-R07,disrupted,1,36.58,,,,,
row,V12,V12-R08,regular,1,20.22,,,,,
row,V12,V12-R09,disrupted,1,37.82,,,,,
row,V12,V12-R10,disrupted,1,35.94,,,,,
row,V12,V12-R11,disrupted,1,30.31,,,,,
row,V12,V12-R12,regular,1,34.12,,,,,
row,V12,V12-R13,disrupted,1,34.24,,,,,
row,V12,V12-R14,regular,1,14.06,,,,,
row,V12,V12-R15,disrupted,1,17.28,,,,,
block,V13,,,1,21.22,0.26,0.0,81.93,0.0082,1
row,V13,V13-R01,disrupted,1,21.22,,,,,
block,V14,,,54,13167.75,5216.21,0.5216,26976.37,2.6976,1
row,V14,V14-R01,regular,1,1.84,,,,,
row,V14,V14-R02,regular,1,1.3,,,,,
row,V14,V14-R03,disrupted,1,235.72,,,,,
row,V14,V14-R04,disrupted,1,237.54,,,,,
row,V14,V14-R05,disrupted,1,241.01,,,,,
row,V14,V14-R06,disrupted,1,244.06,,,,,
row,V14,V14-R07,disrupted,1,248.77,,,,,
row,V14,V14-R08,disrupted,1,252.15,,,,,
row,V14,V14-R09,disrupted,1,254.71,,,,,
row,V14,V14-R10,disrupted,1,259.51,,,,,
row,V14,V14-R11,disrupted,1,259.94,,,,,
row,V14,V14-R12,disrupted,1,255.68,,,,,
row,V14,V14-R13,disrupted,1,257.03,,,,,
row,V14,V14-R14,disrupted,1,259.14,,,,,
row,V14,V14-R15,disrupted,1,255.81,,,,,
row,V14,V14-R16,disrupted,1,258.74,,,,,
row,V14,V14-R17,disrupted,1,257.77,,,,,
row,V14,V14-R18,disrupted,1,258.44,,,,,
row,V14,V14-R19,disrupted,1,310.35,,,,,
row,V14,V14-R20,regular,1,308.3,,,,,
row,V14,V14-R21,regular,1,309.29,,,,,
row,V14,V14-R22,disrupted,1,310.59,,,,,
row,V14,V14-R23,disrupted,1,310.39,,,,,
row,V14,V14-R24,disrupted,1,309.91,,,,,
row,V14,V14-R25,disrupted,1,309.89,,,,,
row,V14,V14-R26,disrupted,1,314.31,,,,,
row,V14,V14-R27,disrupted,1,313.17,,,,,
row,V14,V14-R28,disrupted,1,313.86,,,,,
row,V14,V14-R29,disrupted,1,313.81,,,,,
row,V14,V14-R30,disrupted,1,315.67,,,,,
row,V14,V14-R31,disrupted,1,314.84,,,,,
row,V14,V14-R32,disrupted,1,310.67,,,,,
row,V14,V14-R33,disrupted,1,314.59,,,,,
row,V14,V14-R34,regular,1,312.63,,,,,
row,V14,V14-R35,disrupted,1,312.02,,,,,
row,V14,V14-R36,disrupted,1,208.46,,,,,
row,V14,V14-R37,regular,1,202.38,,,,,
row,V14,V14-R38,regular,1,176.65,,,,,
row,V14,V14-R39,regular,1,174.58,,,,,
row,V14,V14-R40,regular,1,176.59,,,,,
row,V14,V14-R41,regular,1,174.05,,,,,
row,V14,V14-R42,regular,1,203.07,,,,,
row,V14,V14-R43,disrupted,1,209.25,,,,,
row,V14,V14-R44,disrupted,1,209.14,,,,,
row,V14,V14-R45,disrupted,1,229.66,,,,,
row,V14,V14-R46,disrupted,1,231.92,,,,,
row,V14,V14-R47,disrupted,1,208.14,,,,,
row,V14,V14-R48,disrupted,1,208.26,,,,,
row,V14,V14-R49,disrupted,1,208.21,,,,,
row,V14,V14-R50,disrupted,1,207.8,,,,,
row,V14,V14-R51,regular,1,206.77,,,,,
row,V14,V14-R52,regular,1,208.25,,,,,
row,V14,V14-R53,disrupted,1,208.61,,,,,
row,V14,V14-R54,disrupted,1,172.51,,,,,
block,V15,,,1,42.13,3.55,0.0004,0.0,0.0,1
row,V15,V15-R01,disrupted,1,42.13,,,,,
block,V16,,,2,83.12,3.78,0.0004,0.0,0.0,1
row,V16,V16-R01,disrupted,1,37.58,,,,,
row,V16,V16-R02,disrupted,1,45.54,,,,,
block,V17,,,2,104.99,35.62,0.0036,98.76,0.0099,1
row,V17,V17-R01,regular,1,52.89,,,,,
row,V17,V17-R02,disrupted,1,52.1,,,,,
block,V18,,,13,2689.94,1164.11,0.1164,5460.69,0.5461,1
row,V18,V18-R01,disrupted,1,183.54,,,,,
row,V18,V18-R02,disrupted,1,296.13,,,,,
row,V18,V18-R03,disrupted,1,345.09,,,,,
row,V18,V18-R04,disrupted,1,341.4,,,,,
row,V18,V18-R05,disrupted,1,331.28,,,,,
row,V18,V18-R06,disrupted,1,328.8,,,,,
row,V18,V18-R07,regular,1,279.35,,,,,
row,V18,V18-R08,regular,1,97.1,,,,,
row,V18,V18-R09,regular,1,97.5,,,,,
row,V18,V18-R10,regular,1,97.03,,,,,
row,V18,V18-R11,regular,1,98.3,,,,,
row,V18,V18-R12,regular,1,97.83,,,,,
row,V18,V18-R13,regular,1,96.61,,,,,
block,V19,,,3,76.43,19.93,0.002,45.62,0.0046,1
row,V19,V19-R01,disrupted,1,41.21,,,,,
row,V19,V19-R02,disrupted,1,29.03,,,,,
row,V19,V19-R03,regular,1,6.2,,,,,
block,V20,,,4,49.97,19.09,0.0019,96.4,0.0096,1
row,V20,V20-R01,regular,1,12.65,,,,,
row,V20,V20-R02,regular,1,13.09,,,,,
row,V20,V20-R03,regular,1,11.55,,,,,
row,V20,V20-R04,regular,1,12.67,,,,,
block,V21,,,10,395.38,292.71,0.0293,817.63,0.0818,1
row,V21,V21-R01,regular,1,39.73,,,,,
row,V21,V21-R02,regular,1,36.69,,,,,
row,V21,V21-R03,disrupted,1,52.14,,,,,
row,V21,V21-R04,regular,1,52.72,,,,,
row,V21,V21-R05,regular,1,57.92,,,,,
row,V21,V21-R06,regular,1,56.62,,,,,
row,V21,V21-R07,disrupted,1,41.13,,,,,
row,V21,V21-R08,regular,1,11.56,,,,,
row,V21,V21-R09,disrupted,1,41.86,,,,,
row,V21,V21-R10,regular,1,5.01,,,,,
block,V22,,,2,33.31,10.03,0.001,8.04,0.0008,1
row,V22,V22-R01,regular,1,15.93,,,,,
row,V22,V22-R02,regular,1,17.38,,,,,
block,V23,,,3,285.8,91.45,0.0091,342.04,0.0342,1
row,V23,V23-R01,disrupted,1,83.51,,,,,
row,V23,V23-R02,disrupted,1,109.33,,,,,
row,V23,V23-R03,disrupted,1,92.96,,,,,
block,V24,,,6,557.1,223.22,0.0223,1036.59,0.1037,1
row,V24,V24-R01,regular,1,110.92,,,,,
row,V24,V24-R02,regular,1,113.79,,,,,
row,V24,V24-R03,regular,1,111.73,,,,,
row,V24,V24-R04,regular,1,109.19,,,,,
row,V24,V24-R05,regular,1,107.06,,,,,
row,V24,V24-R06,regular,1,4.41,,,,,
block,V25,,,1,20.98,3.58,0.0004,72.47,0.0072,1
row,V25,V25-R01,regular,1,20.98,,,,,
block,V26,,,9,285.58,163.39,0.0163,513.82,0.0514,1
row,V26,V26-R01,regular,1,32.39,,,,,
row,V26,V26-R02,regular,1,33.23,,,,,
row,V26,V26-R03,regular,1,32.73,,,,,
row,V26,V26-R04,regular,1,32.93,,,,,
row,V26,V26-R05,regular,1,31.39,,,,,
row,V26,V26-R06,regular,1,31.63,,,,,
row,V26,V26-R07,regular,1,31.82,,,,,
row,V26,V26-R08,regular,1,31.67,,,,,
row,V26,V26-R09,regular,1,27.78,,,,,
block,V27,,,7,234.08,69.59,0.007,361.49,0.0361,1
row,V27,V27-R01,disrupted,1,23.2,,,,,
row,V27,V27-R02,regular,1,29.2,,,,,
row,V27,V27-R03,regular,1,37.97,,,,,
row,V27,V27-R04,regular,1,38.79,,,,,
row,V27,V27-R05,regular,1,35.9,,,,,
row,V27,V27-R06,regular,1,33.79,,,,,
row,V27,V27-R07,regular,1,35.23,,,,,
block,V28,,,4,284.19,69.09,0.0069,428.45,0.0428,1
row,V28,V28-R01,regular,1,66.62,,,,,
row,V28,V28-R02,regular,1,72.16,,,,,
row,V28,V28-R03,regular,1,75.67,,,,,
row,V28,V28-R04,regular,1,69.73,,,,,
block,V29,,,2,11.23,0.0,0.0,99.79,0.01,1
row,V29,V29-R01,regular,1,7.67,,,,,
row,V29,V29-R02,regular,1,3.56,,,,,
block,V30,,,10,545.9,169.97,0.017,887.1,0.0887,1
row,V30,V30-R01,disrupted,1,27.01,,,,,
row,V30,V30-R02,disrupted,1,45.01,,,,,
row,V30,V30-R03,regular,1,60.58,,,,,
row,V30,V30-R04,regular,1,56.9,,,,,
row,V30,V30-R05,disrupted,1,53.71,,,,,
row,V30,V30-R06,regular,1,52.58,,,,,
row,V30,V30-R07,regular,1,63.21,,,,,
row,V30,V30-R08,regular,1,62.26,,,,,
row,V30,V30-R09,regular,1,64.28,,,,,
row,V30,V30-R10,disrupted,1,60.36,,,,,
block,V31,,,3,93.13,5.6,0.0006,187.63,0.0188,1
row,V31,V31-R01,disrupted,1,25.53,,,,,
row,V31,V31-R02,disrupted,1,35.43,,,,,
row,V31,V31-R03,disrupted,1,32.17,,,,,
block,V32,,,4,183.22,29.12,0.0029,135.15,0.0135,1
row,V32,V32-R01,disrupted,1,47.81,,,,,
row,V32,V32-R02,regular,1,46.35,,,,,
row,V32,V32-R03,regular,1,44.13,,,,,
row,V32,V32-R04,regular,1,44.93,,,,,
block,V33,,,2,24.17,2.67,0.0003,48.69,0.0049,1
row,V33,V33-R01,disrupted,1,13.24,,,,,
row,V33,V33-R02,disrupted,1,10.93,,,,,
block,V34,,,10,464.07,142.72,0.0143,918.98,0.0919,1
row,V34,V34-R01,regular,1,62.56,,,,,
row,V34,V34-R02,regular,1,62.87,,,,,
row,V34,V34-R03,regular,1,59.43,,,,,
row,V34,V34-R04,regular,1,60.71,,,,,
row,V34,V34-R05,regular,1,56.73,,,,,
row,V34,V34-R06,regular,1,47.18,,,,,
row,V34,V34-R07,regular,1,33.85,,,,,
row,V34,V34-R08,disrupted,1,37.95,,,,,
row,V34,V34-R09,disrupted,1,29.35,,,,,
row,V34,V34-R10,regular,1,13.44,,,,,
block,V35,,,8,353.45,94.69,0.0095,634.83,0.0635,1
row,V35,V35-R01,disrupted,1,23.09,,,,,
row,V35,V35-R02,disrupted,1,49.11,,,,,
row,V35,V35-R03,disrupted,1,50.14,,,,,
row,V35,V35-R04,disrupted,1,48.26,,,,,
row,V35,V35-R05,regular,1,48.6,,,,,
row,V35,V35-R06,regular,1,47.67,,,,,
row,V35,V35-R07,regular,1,47.06,,,,,
row,V35,V35-R08,regular,1,39.51,,,,,
block,V36,,,18,803.83,213.02,0.0213,1732.88,0.1733,1
row,V36,V36-R01,regular,1,30.63,,,,,
row,V36,V36-R02,disrupted,1,30.03,,,,,
row,V36,V36-R03,disrupted,1,23.68,,,,,
row,V36,V36-R04,disrupted,1,31.26,,,,,
row,V36,V36-R05,disrupted,1,38.95,,,,,
row,V36,V36-R06,disrupted,1,42.53,,,,,
row,V36,V36-R07,disrupted,1,44.46,,,,,
row,V36,V36-R08,regular,1,53.33,,,,,
row,V36,V36-R09,regular,1,53.41,,,,,
row,V36,V36-R10,regular,1,53.04,,,,,
row,V36,V36-R11,regular,1,52.59,,,,,
row,V36,V36-R12,regular,1,52.16,,,,,
row,V36,V36-R13,regular,1,53.15,,,,,
row,V36,V36-R14,regular,1,53.46,,,,,
row,V36,V36-R15,regular,1,55.9,,,,,
row,V36,V36-R16,regular,1,53.07,,,,,
row,V36,V36-R17,regular,1,54.93,,,,,
row,V36,V36-R18,regular,1,27.27,,,,,
block,V37,,,12,698.95,383.74,0.0384,1403.72,0.1404,1
row,V37,V37-R01,regular,1,37.99,,,,,
row,V37,V37-R02,regular,1,36.03,,,,,
row,V37,V37-R03,regular,1,32.53,,,,,
row,V37,V37-R04,regular,1,65.18,,,,,
row,V37,V37-R05,regular,1,76.55,,,,,
row,V37,V37-R06,regular,1,74.5,,,,,
row,V37,V37-R07,regular,1,75.34,,,,,
row,V37,V37-R08,regular,1,77.01,,,,,
row,V37,V37-R09,regular,1,75.46,,,,,
row,V37,V37-R10,regular,1,75.6,,,,,
row,V37,V37-R11,regular,1,70.94,,,,,
row,V37,V37-R12,regular,1,1.84,,,,,
block,V38,,,1,34.98,0.54,0.0001,0.0,0.0,1
row,V38,V38-R01,disrupted,1,34.98,,,,,
block,V39,,,5,203.91,41.36,0.0041,249.93,0.025,1
row,V39,V39-R01,disrupted,1,33.83,,,,,
row,V39,V39-R02,disrupted,1,38.88,,,,,
row,V39,V39-R03,disrupted,1,45.89,,,,,
row,V39,V39-R04,disrupted,1,45.49,,,,,
row,V39,V39-R05,disrupted,1,39.82,,,,,
block,V40,,,5,309.39,189.6,0.019,588.04,0.0588,1
row,V40,V40-R01,disrupted,1,13.83,,,,,
row,V40,V40-R02,regular,1,72.1,,,,,
row,V40,V40-R03,regular,1,74.86,,,,,
row,V40,V40-R04,regular,1,74.35,,,,,
row,V40,V40-R05,regular,1,74.24,,,,,
block,V41,,,7,337.96,107.92,0.0108,328.81,0.0329,1
row,V41,V41-R01,regular,1,26.13,,,,,
row,V41,V41-R02,disrupted,1,85.52,,,,,
row,V41,V41-R03,regular,1,43.19,,,,,
row,V41,V41-R04,regular,1,44.53,,,,,
row,V41,V41-R05,regular,1,46.18,,,,,
row,V41,V41-R06,disrupted,1,46.95,,,,,
row,V41,V41-R07,disrupted,1,45.47,,,,,
block,V42,,,1,39.49,6.08,0.0006,6.03,0.0006,1
row,V42,V42-R01,disrupted,1,39.49,,,,,
block,V43,,,5,306.79,93.6,0.0094,508.72,0.0509,1
row,V43,V43-R01,disrupted,1,60.76,,,,,
row,V43,V43-R02,regular,1,66.12,,,,,
row,V43,V43-R03,regular,1,63.79,,,,,
row,V43,V43-R04,regular,1,67.57,,,,,
row,V43,V43-R05,disrupted,1,48.55,,,,,
block,V44,,,42,4081.19,946.24,0.0946,7199.56,0.72,1
row,V44,V44-R01,disrupted,1,23.83,,,,,
row,V44,V44-R02,disrupted,1,76.51,,,,,
row,V44,V44-R03,regular,1,87.16,,,,,
row,V44,V44-R04,regular,1,90.71,,,,,
row,V44,V44-R05,regular,1,91.76,,,,,
row,V44,V44-R06,disrupted,1,93.78,,,,,
row,V44,V44-R07,disrupted,1,86.88,,,,,
row,V44,V44-R08,regular,1,29.13,,,,,
row,V44,V44-R09,disrupted,1,59.85,,,,,
row,V44,V44-R10,disrupted,1,35.62,,,,,
row,V44,V44-R11,disrupted,1,53.42,,,,,
row,V44,V44-R12,disrupted,1,97.57,,,,,
row,V44,V44-R13,disrupted,1,111.62,,,,,
row,V44,V44-R14,disrupted,1,89.2,,,,,
row,V44,V44-R15,disrupted,1,79.25,,,,,
row,V44,V44-R16,disrupted,1,75.53,,,,,
row,V44,V44-R17,disrupted,1,71.7,,,,,
row,V44,V44-R18,disrupted,1,50.43,,,,,
row,V44,V44-R19,regular,1,60.34,,,,,
row,V44,V44-R20,regular,1,64.97,,,,,
row,V44,V44-R21,regular,1,63.37,,,,,
row,V44,V44-R22,disrupted,1,114.77,,,,,
row,V44,V44-R23,disrupted,1,155.09,,,,,
row,V44,V44-R24,regular,1,91.97,,,,,
row,V44,V44-R25,disrupted,1,140.15,,,,,
row,V44,V44-R26,disrupted,1,55.34,,,,,
row,V44,V44-R27,disrupted,1,86.95,,,,,
row,V44,V44-R28,disrupted,1,152.05,,,,,
row,V44,V44-R29,disrupted,1,156.28,,,,,
row,V44,V44-R30,disrupted,1,166.18,,,,,
row,V44,V44-R31,disrupted,1,167.36,,,,,
row,V44,V44-R32,disrupted,1,184.71,,,,,
row,V44,V44-R33,disrupted,1,174.41,,,,,
row,V44,V44-R34,disrupted,1,105.89,,,,,
row,V44,V44-R35,disrupted,1,107.04,,,,,
row,V44,V44-R36,disrupted,1,104.15,,,,,
row,V44,V44-R37,disrupted,1,102.14,,,,,
row,V44,V44-R38,disrupted,1,105.12,,,,,
row,V44,V44-R39,disrupted,1,107.25,,,,,
row,V44,V44-R40,disrupted,1,109.35,,,,,
row,V44,V44-R41,disrupted,1,108.52,,,,,
row,V44,V44-R42,disrupted,1,93.88,,,,,
block,V45,,,2,26.76,7.53,0.0008,0.0,0.0,1
row,V45,V45-R01,disrupted,1,18.33,,,,,
row,V45,V45-R02,regular,1,8.43,,,,,
block,V46,,,10,574.26,143.06,0.0143,1031.66,0.1032,1
row,V46,V46-R01,regular,1,68.89,,,,,
row,V46,V46-R02,regular,1,73.25,,,,,
row,V46,V46-R03,disrupted,1,73.95,,,,,
row,V46,V46-R04,regular,1,61.45,,,,,
row,V46,V46-R05,regular,1,54.19,,,,,
row,V46,V46-R06,regular,1,43.94,,,,,
row,V46,V46-R07,disrupted,1,59.69,,,,,
row,V46,V46-R08,disrupted,1,52.76,,,,,
row,V46,V46-R09,disrupted,1,45.42,,,,,
row,V46,V46-R10,disrupted,1,40.73,,,,,
block,V47,,,8,389.46,130.34,0.013,417.6,0.0418,1
row,V47,V47-R01,disrupted,1,29.74,,,,,
row,V47,V47-R02,disrupted,1,57.08,,,,,
row,V47,V47-R03,disrupted,1,52.4,,,,,
row,V47,V47-R04,disrupted,1,32.85,,,,,
row,V47,V47-R05,disrupted,1,55.39,,,,,
row,V47,V47-R06,disrupted,1,59.22,,,,,
row,V47,V47-R07,disrupted,1,55.65,,,,,
row,V47,V47-R08,regular,1,47.11,,,,,
block,V48,,,4,391.21,80.5,0.008,462.8,0.0463,1
row,V48,V48-R01,disrupted,1,114.44,,,,,
row,V48,V48-R02,disrupted,1,109.54,,,,,
row,V48,V48-R03,disrupted,1,107.14,,,,,
row,V48,V48-R04,regular,1,60.1,,,,,
block,V49,,,2,94.7,30.85,0.0031,239.34,0.0239,1
row,V49,V49-R01,regular,1,48.47,,,,,
row,V49,V49-R02,regular,1,46.23,,,,,
block,V50,,,2,29.34,5.59,0.0006,1.44,0.0001,1
row,V50,V50-R01,disrupted,1,23.01,,,,,
row,V50,V50-R02,regular,1,6.33,,,,,
block,V51,,,26,1991.44,768.93,0.0769,3566.88,0.3567,1
row,V51,V51-R01,regular,1,12.31,,,,,
row,V51,V51-R02,regular,1,21.61,,,,,
row,V51,V51-R03,regular,1,23.72,,,,,
row,V51,V51-R04,disrupted,1,47.53,,,,,
row,V51,V51-R05,regular,1,70.16,,,,,
row,V51,V51-R06,regular,1,77.66,,,,,
row,V51,V51-R07,disrupted,1,94.21,,,,,
row,V51,V51-R08,regular,1,4.98,,,,,
row,V51,V51-R09,disrupted,1,102.12,,,,,
row,V51,V51-R10,disrupted,1,25.57,,,,,
row,V51,V51-R11,disrupted,1,104.12,,,,,
row,V51,V51-R12,disrupted,1,110.23,,,,,
row,V51,V51-R13,regular,1,78.82,,,,,
row,V51,V51-R14,regular,1,82.08,,,,,
row,V51,V51-R15,regular,1,82.98,,,,,
row,V51,V51-R16,regular,1,83.86,,,,,
row,V51,V51-R17,regular,1,83.35,,,,,
row,V51,V51-R18,regular,1,85.32,,,,,
row,V51,V51-R19,regular,1,89.38,,,,,
row,V51,V51-R20,disrupted,1,101.32,,,,,
row,V51,V51-R21,disrupted,1,102.69,,,,,
row,V51,V51-R22,disrupted,1,107.19,,,,,
row,V51,V51-R23,disrupted,1,105.72,,,,,
row,V51,V51-R24,disrupted,1,106.55,,,,,
row,V51,V51-R25,disrupted,1,108.19,,,,,
row,V51,V51-R26,disrupted,1,79.76,,,,,
block,V52,,,2,51.06,4.59,0.0005,44.46,0.0044,1
row,V52,V52-R01,disrupted,1,30.99,,,,,
row,V52,V52-R02,regular,1,20.07,,,,,
block,V53,,,13,685.66,211.61,0.0212,1109.21,0.1109,1
row,V53,V53-R01,disrupted,1,34.35,,,,,
row,V53,V53-R02,regular,1,30.98,,,,,
row,V53,V53-R03,regular,1,34.71,,,,,
row,V53,V53-R04,regular,1,35.53,,,,,
row,V53,V53-R05,regular,1,66.31,,,,,
row,V53,V53-R06,regular,1,72.51,,,,,
row,V53,V53-R07,disrupted,1,67.78,,,,,
row,V53,V53-R08,disrupted,1,67.6,,,,,
row,V53,V53-R09,disrupted,1,34.53,,,,,
row,V53,V53-R10,disrupted,1,68.72,,,,,
row,V53,V53-R11,regular,1,75.41,,,,,
row,V53,V53-R12,disrupted,1,54.56,,,,,
row,V53,V53-R13,disrupted,1,42.69,,,,,
block,V54,,,1,11.8,3.95,0.0004,20.33,0.002,1
row,V54,V54-R01,regular,1,11.8,,,,,
block,V55,,,2,8.2,2.71,0.0003,7.21,0.0007,1
row,V55,V55-R01,regular,1,4.04,,,,,
row,V55,V55-R02,regular,1,4.16,,,,,
block,V56,,,1,5.18,2.27,0.0002,0.0,0.0,1
row,V56,V56-R01,regular,1,5.18,,,,,
block,V57,,,2,63.28,3.82,0.0004,0.0,0.0,1
row,V57,V57-R01,disrupted,1,31.66,,,,,
row,V57,V57-R02,disrupted,1,31.62,,,,,
block,V58,,,3,139.38,5.74,0.0006,0.0,0.0,1
row,V58,V58-R01,disrupted,1,45.16,,,,,
row,V58,V58-R02,disrupted,1,47.22,,,,,
row,V58,V58-R03,disrupted,1,46.99,,,,,
